{"cameraMode":{"drawMode":0,"name":"Shaded","section":"Shading Mode"},"sceneLighting":true,"audioPlay":false,"sceneViewState":{"showFog":false,"showMaterialUpdate":false,"showSkybox":false,"showFlares":false,"showImageEffects":false,"showParticleSystems":false},"in2DMode":false,"pivot":{"x":-28.036407470703126,"y":-125.48594665527344,"z":-1170.9237060546875},"rotation":{"x":-0.3055069148540497,"y":0.46708357334136965,"z":-0.17597678303718568,"w":-0.810886800289154},"size":233.66854858398438,"orthographic":false}