{"cameraMode":{"drawMode":0,"name":"Shaded","section":"Shading Mode"},"sceneLighting":true,"audioPlay":false,"sceneViewState":{"showFog":false,"showMaterialUpdate":false,"showSkybox":false,"showFlares":false,"showImageEffects":false,"showParticleSystems":false},"in2DMode":false,"pivot":{"x":-41.834716796875,"y":-13.773350715637207,"z":-1267.36083984375},"rotation":{"x":-0.22875460982322694,"y":0.7584987282752991,"z":-0.34448471665382388,"w":-0.5036964416503906},"size":1.0413081645965577,"orthographic":false}